group,element,render_id,question,value
overview,title,studyname,What is the title of the conducted study?,Spatial conservation prioritization of biodiversity spanning the evolutionary continuum
overview,authors,authors_table,List the authors of the study.,Silvia;Benoliel Carvalho;EDIT ME
overview,authors,authors_table,List the authors of the study.,Guillermo;Velo-Antón;EDIT ME
overview,authors,authors_table,List the authors of the study.,Pedro;Tarroso;EDIT ME
overview,authors,authors_table,List the authors of the study.,Ana Paula ;Portela;EDIT ME
overview,authors,authors_table,List the authors of the study.,Mafalda ;Barata;EDIT ME
overview,authors,authors_table,List the authors of the study.,Salvador;Carranza;EDIT ME
overview,authors,authors_table,List the authors of the study.,Craig ;Moritz;EDIT ME
overview,authors,authors_table,List the authors of the study.,Hugh;Possingham;EDIT ME
overview,corresponding,authoremail,Email of corresponding author.,silviacarvalho@cibio.up.pt
overview,studylink,studylink,Link to the published study.,YES
overview,extent,studyscale,What is the target extent of the planning study?,regional
overview,studyregion,studyregion,"If available, provide a geospatial delineation of the study region.",NA
overview,studyregion,studymap,Other details,NA
overview,location,studylocation,What is the location of the study?,Iberian Peninsula
overview,studytimeline,studytime,What is the temporal range of the study?,2017;2018
overview,studytimeline,otherstudytime,Other details,
overview,realm,studyrealm,What is the biophysical realm in which the planning work was conducted?,Terrestrial (above ground)
overview,output_availability,inputavailability,Are the used input data made available and if so where?,No
overview,output_availability,inputdata,Other details,
overview,input_availability,outputavailability,Are the created outputs made openly available and if so where?,No
overview,input_availability,outputdata,Other details,
overview,code_availability,codeavailability,Have analytical scripts or steps to reproduce the results been made available?,No
overview,code_availability,outputcode,Other details,
design,aim,studyaim,What is the aim of the study?,"Introduce and apply a framework to identify priority areas for the conservation of biodiversity spanning the evolutionary continuum, from inter- to intraspecific diversity. Exemplify the framework using the amphibians and reptiles.
of the Iberian Peninsula"
design,framework,studyframework,Does the planning work follow a specific analytical framework?,Defined within study
design,framework,frameworkreference,Other details,
design,toc,theoryofchange,Is there a theory of change underlying this work?,No
design,toc,theoryofchange_text,Other details,
design,purpose,studypurpose,What is the primary purpose of the study?,Area-based allocation
design,multobj,checkmultobj,Had the planning multiple objectives?,Yes
design,multobj,multobj,Other details,"Protect species diversity, phylogenetic diversity and intra-specific genetic diversity."
design,scenarios,checkscenarios,Are there multiple variants or scenarios explored in the planning?,Yes
design,scenarios,planningscenarios,Other details,"In scenario ‘Sp’, we used individual species distributions as conservation features, and weighted all the species as equal.
In the scenario ‘Br’, conservation features were the branches of the phylogenetic tree. The weight of each conservation feature was set as equal to the relative branch length of the respective branch.
Scenario ‘SpLin’ was aimed at maximizing coverage of both species and lineages, regardless of the amount of PD embodied by each. Conservation features were composed by the distribution of intraspecific lineages (for species with available information) plus the individual distribution of remaining species. All species and lineages were weighted equally, thus assuring that all species and lineages are efficiently represented in the set of selected sites.
In scenario ‘BrLin’, the aim was to maximize coverage of overall PD spanning the inter- and intraspecific levels. Conservation features
were set as the branches of the interspecific phylogenetic trees (as in scenario Br), plus the distribution of all intraspecific lineages. To calculate the weight of each intraspecific lineage, we first calculated the relative PD of each lineage within the intraspecific tree and then scaled it to the interspecific tree by multiplying this value by the branch length of the terminal branch of the interspecific tree from which the lineages diverged. For species with intraspecific diversity, the weight of the terminal branch was set to zero
"
design,stakeholders,checkstakeholders,Were stakeholders involved in the design of the study?,No
design,stakeholders,stakeholderint,Other details,NA
design,stakeholder_type,stakeholdertype,What type of stakeholders were engaged?,NA
design,stakeholder_method,stakeholdermethod,How were stakeholders engaged?,
design,monitoringeval,checkmonitoringeval,Has a monitoring and evaluation plan be developed?,No
design,monitoringeval,checkmonitoringeval_detail,Other details,
specification,planningunits,pu_type,How are planning units defined?,Gridded
specification,planningunits,othertypes,Other details,
specification,grainspace,pu_grain,What was the spatial grain of planning?,100
specification,grainspace,pu_grainother,Other details,
specification,grainspace_unit,pu_grainunit,Select or enter unit used for the spatial grain.,km2
specification,pucosts,pu_checkcosts,Where there any costs of selecting a planning unit? Select one or multiple.,Area only
specification,pucosts,pu_costs,Other details,The cost of each grid cell was set equal to 100
specification,ecosystem_specificity,zone_ecosystems,Was there any ecosystem specificity?,NA
specification,ecosystem_specificity,specificecosystem,Other details,
specification,zonedefinitions,zones,Where any zones used for the planning?,NA
specification,zonedefinitions,specificzones,Other details,NA
specification,inclusionexclusion,inclusionexclusion,Any areas or actions that were included or excluded by default?,None
specification,inclusionexclusion,defaultareas,Other details,
specification,threattypes,threattypes,What types of threats are included in the planning?,NA
specification,threattypes,otherthreattype,Other details,
specification,threatinclusion,threatinclusion,How were threats considered in the planning?,NA
specification,threatinclusion,threatdetail,Other details,
specification,featuretypes,featuretypes,What types of features are included in the spatial planning?,Species (distributions);Species (genetic);Other
specification,featuretypes,otherfeaturetype,Other details,Phylogenetic diversity
specification,featuresaggregated,checkaggregated,Were any features aggregated before use in the planning?,FALSE
specification,featuresaggregated,featureaggregated,Other details,
specification,featurelist,featurelist,List the features,amphibians;Species (distributions); 23
specification,featurelist,featurelist,List the features,reptiles;Species (distributions); 50
specification,featurelist,featurelist,List the features,phylogenetic diversity;Species (genetic); 51
specification,featurelist,featurelist,List the features,phylogenetic diversity reptiles;Species (genetic);101
specification,featurelist,featurelist,List the features,amphibian lineages;Species (genetic); 58
specification,featurelist,featurelist,List the features,reptile lineages;Species (genetic); 68
specification,featureorigin,featureorigin,How were features created?,"- Species distributions data. We compiled observed distribution records of 27 amphibian and 50 reptile species  occurring in the study area from the Portuguese and Spanish atlases of amphibians and reptiles.
Conservation features were the branches of the phylogenetic tree. The spatial distribution of the terminal branches, equals the distribution of individual species, while the spatial distribution of internal branches, equals the lumped distribution of all species descending from the respective branch.
- To identify the spatial occurrence of each identified lineage within the area of occurrence of the species , we used a modified method of the Kriging interpolation, implemented in the R package phylin"
context,decisionvariable,decisiontype,What are the decision or output variables?,Importance ranking
context,timeconditions,timedecision,Which temporal conditions does the planning consider?,Current conditions
context,connectivity,checkconnectivity,Was connectivity somehow considered in the planning?,No
context,connectivity,connectivityplan,Other details,NA
context,connectivitydetail,otherconnectivity,Additional detail to how connectivity was considered?,
context,constraintdetail,otherconstraints,Any other constraints used in the planning?,
context,featuretargets,contexttargets,Were targets used for features?,Flat (e.g. 30 percent)
context,featuretargets,targetdetail,Other details,17% flat Target was used in Marxan. In Zonation no targets were used.
context,featureweights,checkfeatureweights,Where some features weighted differently than others?,Yes
context,featureweights,featureweightsdetails,Other details,"In the Br Scenario, the weight of each conservation feature was set as equal to the relative length of that respective branch.
In SpLin scenario, all species and lineages were weighted equally.
In BrLin Scenario, to calculate the weight of each intraspecific lineage, we first calculated the relative PD of each lineage within the intraspecific tree and then scaled it to the interspecific tree by multiplying this value by the branch length of the terminal branch of the interspecific tree from which the lineages diverged.For species with intraspecific lineages, the weight of the terminal branch was set to zero."
prioritization,software,software,Which software or algorithmic approach was used to conduct the planning exercise?,Zonation
prioritization,software,othersoftware,Other details,
prioritization,versionnr,versionnr,What is the version number of the algorithm approach or other software?,4.0
prioritization,benefits,outcomefunctions,What is being identified and how?,
prioritization,software_parameters,parameters,Are there key parameters related to the solving of the planning problem?,minimum set problems with simulated annealing in Marxan and Core-area Zonation algorithm in Zonation
prioritization,solution_identification,identsolution,How were the final priorities identified?,Other
prioritization,solution_identification,otheridentification,Other details,"One single solution for each  scenario ran with Zonation, plus one single solution for each scenario ran with Marxan."
prioritization,performance,checkperformance,Was the performance of the study in any way evaluated?,No
prioritization,performance,evalidentification,Other details,NA
prioritization,otherperformance,otherperformance,Was the prioritization somehow differently evaluated?,
