group,element,render_id,question,value
overview,title,studyname,What is the title of the conducted study?,Costs and benefits of protecting linear landscape elements: Applying systematic conservation planning on a case study in the Netherlands
overview,authors,authors_table,List the authors of the study.,Flavia;Aschi;
overview,authors,authors_table,List the authors of the study.,Stefan C;Dekker;
overview,authors,authors_table,List the authors of the study.,Detlef P;van Vuuren;
overview,authors,authors_table,List the authors of the study.,Patrick W.;Bogaart;
overview,authors,authors_table,List the authors of the study.,Kenneth F;Rijsdijk;
overview,authors,authors_table,List the authors of the study.,E. Emiel;van Loon;
overview,corresponding,authoremail,Email of corresponding author.,f.aschi@uu.nl (F. Aschi)
overview,studylink,studylink,Link to the published study.,https://doi.org/10.1016/j.jenvman.2023.119262
overview,extent,studyscale,What is the target extent of the planning study?,local
overview,studyregion,studyregion,"If available, provide a geospatial delineation of the study region.",NA
overview,studyregion,studymap,Other details,NA
overview,location,studylocation,What is the location of the study?,Province of Noord-Brabant is located in the south-east of the Netherlands
overview,studytimeline,studytime,What is the temporal range of the study?,2020;2020
overview,studytimeline,otherstudytime,Other details,
overview,realm,studyrealm,What is the biophysical realm in which the planning work was conducted?,Terrestrial (above ground)
overview,output_availability,inputavailability,Are the used input data made available and if so where?,No
overview,output_availability,inputdata,Other details,
overview,input_availability,outputavailability,Are the created outputs made openly available and if so where?,No
overview,input_availability,outputdata,Other details,
overview,code_availability,codeavailability,Have analytical scripts or steps to reproduce the results been made available?,No
overview,code_availability,outputcode,Other details,
design,aim,studyaim,What is the aim of the study?,"Gain insights into the balance between costs and benefits associated with the establishment of
alternative conservation plans. Our goal is to develop and apply a workflow to identify priority areas to protect species of the Birds and Habitat directive within the current network of Linear landscape elements in agricultural areas, considering also financial and opportunity costs and Ecosystem services."
design,framework,studyframework,Does the planning work follow a specific analytical framework?,Defined within study
design,framework,frameworkreference,Other details,
design,toc,theoryofchange,Is there a theory of change underlying this work?,No
design,toc,theoryofchange_text,Other details,
design,purpose,studypurpose,What is the primary purpose of the study?,Area-based allocation
design,multobj,checkmultobj,Had the planning multiple objectives?,Yes
design,multobj,multobj,Other details,"Conserve Linear landscape elements while maximizing biodiversity, carbon sequestration and pollination benefits at landscape scale."
design,scenarios,checkscenarios,Are there multiple variants or scenarios explored in the planning?,Yes
design,scenarios,planningscenarios,Other details,"Two scenarios with two approaches each were developed. One scenario aims to achieve species targets while minimizing the costs of the solution (Minimize Costs Scenario); the other scenario while maximizing the monetary values of ES (Maximize ES Scenario). The main difference between scenarios is the cost layer employed. We used management and opportunity costs in Minimize Cost Scenario, and monetary values of ES in Maximize ES Scenario. In the latter, the monetary values of ES are employed as benefits.
The two approaches varied the spatial clumping (boundary length modifier) to obtain solutions more akin to land sparing or sharing."
design,stakeholders,checkstakeholders,Were stakeholders involved in the design of the study?,No
design,stakeholders,stakeholderint,Other details,NA
design,stakeholder_type,stakeholdertype,What type of stakeholders were engaged?,NA
design,stakeholder_method,stakeholdermethod,How were stakeholders engaged?,
design,monitoringeval,checkmonitoringeval,Has a monitoring and evaluation plan be developed?,No
design,monitoringeval,checkmonitoringeval_detail,Other details,
specification,planningunits,pu_type,How are planning units defined?,Gridded
specification,planningunits,othertypes,Other details,
specification,grainspace,pu_grain,What was the spatial grain of planning?,500
specification,grainspace,pu_grainother,Other details,
specification,grainspace_unit,pu_grainunit,Select or enter unit used for the spatial grain.,m2
specification,pucosts,pu_checkcosts,Where there any costs of selecting a planning unit? Select one or multiple.,Implementation cost;Opportunity cost;Management cost
specification,pucosts,pu_costs,Other details,"In this study management costs are directly dependent on the LLEs density since the maintenance of these elements has an average cost per meter. Assuming an average width of 2.5 m, we estimated the cost of
management (cutting or trimming hedges) to be € 232.79 per 100 m per year. Opportunity costs are costs of forgone opportunities and/or revenues due to the implementation of the conservation plan. For agricultural areas this equals to the value of lost crop production, derived from matching data on crop type and prices (D’andrimont et al., 2021; van Everdingen and Wisman, 2018). The final implementation cost map is represented by the sum of management and opportunity costs (Supplementary Materials, Fig. 7)."
specification,ecosystem_specificity,zone_ecosystems,Was there any ecosystem specificity?,NA
specification,ecosystem_specificity,specificecosystem,Other details,Agricultural areas
specification,zonedefinitions,zones,Where any zones used for the planning?,NA
specification,zonedefinitions,specificzones,Other details,NA
specification,inclusionexclusion,inclusionexclusion,Any areas or actions that were included or excluded by default?,None
specification,inclusionexclusion,defaultareas,Other details,
specification,threattypes,threattypes,What types of threats are included in the planning?,None
specification,threattypes,otherthreattype,Other details,
specification,threatinclusion,threatinclusion,How were threats considered in the planning?,NA
specification,threatinclusion,threatdetail,Other details,
specification,featuretypes,featuretypes,What types of features are included in the spatial planning?,Species (distributions);Nature contributions to people (supply);Nature contributions to people (demand)
specification,featuretypes,otherfeaturetype,Other details,
specification,featuresaggregated,checkaggregated,Were any features aggregated before use in the planning?,FALSE
specification,featuresaggregated,featureaggregated,Other details,
specification,featurelist,featurelist,List the features,Agricultural indicator species;Species (distributions);19
specification,featurelist,featurelist,List the features,Carbon sequestration;Nature contributions to people (supply); 1
specification,featurelist,featurelist,List the features,Pollination;Nature contributions to people (demand); 1
specification,featureorigin,featureorigin,How were features created?,"Species data are binarized range maps of 19 indicator species of the Birds and Habitats directives.
Carbon sequestration are expressed as euro per area and represents a measure for avoided damage due to CO2 emissions. This is calculated based on the price at which the necessary cumulative reduction in CO2 emissions is achieved at the lowest cost.
The economic value of pollination is defined as the avoided crop production loss, expressed in euro/ha, thanks to the regulating service of crop pollination by wild pollinators. For further details, see the original publication."
context,decisionvariable,decisiontype,What are the decision or output variables?,Binary allocation
context,timeconditions,timedecision,Which temporal conditions does the planning consider?,Current conditions
context,connectivity,checkconnectivity,Was connectivity somehow considered in the planning?,Yes
context,connectivity,connectivityplan,Other details,Boundary penalty
context,connectivitydetail,otherconnectivity,Additional detail to how connectivity was considered?,"Two approaches for each scenario, where the boundary penalty was altered to induce lower/higher clumping in the solution."
context,constraintdetail,otherconstraints,Any other constraints used in the planning?,
context,featuretargets,contexttargets,Were targets used for features?,Log-linear
context,featuretargets,targetdetail,Other details,"Log-linear targets based on the functionality in prioritzr (based on Rodriguez et al. 2004) were specified. 
Targets were furthermore varied depending on a sensitivity check."
context,featureweights,checkfeatureweights,Where some features weighted differently than others?,No
context,featureweights,featureweightsdetails,Other details,
prioritization,software,software,Which software or algorithmic approach was used to conduct the planning exercise?,prioritizr
prioritization,software,othersoftware,Other details,
prioritization,versionnr,versionnr,What is the version number of the algorithm approach or other software?,R package prioritizr (version 7.1.1.12) was used together with the Gurobi solver (Gurobi 2023).
prioritization,benefits,outcomefunctions,What is being identified and how?,Minimum set problem aiming to meet all representation targets while minimizing costs.
prioritization,software_parameters,parameters,Are there key parameters related to the solving of the planning problem?,
prioritization,solution_identification,identsolution,How were the final priorities identified?,External indicator
prioritization,solution_identification,otheridentification,Other details,"An optimal solution for the minimum set problem was identified. Furthermore an extensive sensitivity check was conducted that varied the lower and upper bounds of the targets, then evaluated the cost/benefit ratio of the solution with regards to cost-effectiveness. In total 2352 sensitivity targets were conducted."
prioritization,performance,checkperformance,Was the performance of the study in any way evaluated?,Yes
prioritization,performance,evalidentification,Other details,Proportion conserved;Proportion of species distribution conserved;%
prioritization,performance,evalidentification,Other details,Total sums;Total sum of ES economic value conserved or costs avoided.;€
prioritization,otherperformance,otherperformance,Was the prioritization somehow differently evaluated?,Spatial visualization of the clumping of the solutions together with sensitivity checks on the lower and upper bounds of the targets.
