group,element,render_id,question,value
overview,title,studyname,What is the title of the conducted study?, Addressing the challenge of photovoltaic growth: Integrating multiple objectives towards sustainable green energy development.
overview,authors,authors_table,List the authors of the study.,Virgilio;Hermoso;https://orcid.org/0000-0003-3205-5033
overview,authors,authors_table,List the authors of the study.,Alejandra;Morán-Ordóñez;https://orcid.org/0000-0002-5815-6089
overview,authors,authors_table,List the authors of the study.,Gerard;Bota;https://orcid.org/0000-0001-9020-7272
overview,authors,authors_table,List the authors of the study.,Lluis;Brotons;https://orcid.org/0000-0002-4826-4457
overview,corresponding,authoremail,Email of corresponding author.,virgilio.hermoso@ebd.csic.es
overview,studylink,studylink,Link to the published study.,https://doi.org/10.1016/j.landusepol.2023.106592
overview,extent,studyscale,What is the target extent of the planning study?,regional
overview,studyregion,studyregion,"If available, provide a geospatial delineation of the study region.",NA
overview,studyregion,studymap,Other details,NA
overview,location,studylocation,What is the location of the study?,"The study was carried out in Catalonia at a 1 km resolution, including all terrestrial ecosystems in the region."
overview,studytimeline,studytime,What is the temporal range of the study?,2018;2023
overview,studytimeline,otherstudytime,Other details,
overview,realm,studyrealm,What is the biophysical realm in which the planning work was conducted?,Terrestrial (above ground)
overview,output_availability,inputavailability,Are the used input data made available and if so where?,Yes
overview,output_availability,inputdata,Other details,All datasets used in this study are publicly available. Data sources are cited in the text.
overview,input_availability,outputavailability,Are the created outputs made openly available and if so where?,No
overview,input_availability,outputdata,Other details,
overview,code_availability,codeavailability,Have analytical scripts or steps to reproduce the results been made available?,No
overview,code_availability,outputcode,Other details,
design,aim,studyaim,What is the aim of the study?,
design,framework,studyframework,Does the planning work follow a specific analytical framework?,Defined within study
design,framework,frameworkreference,Other details,
design,toc,theoryofchange,Is there a theory of change underlying this work?,No
design,toc,theoryofchange_text,Other details,
design,purpose,studypurpose,What is the primary purpose of the study?,NA
design,multobj,checkmultobj,Had the planning multiple objectives?,No
design,multobj,multobj,Other details,
design,scenarios,checkscenarios,Are there multiple variants or scenarios explored in the planning?,No
design,scenarios,planningscenarios,Other details,
design,stakeholders,checkstakeholders,Were stakeholders involved in the design of the study?,No
design,stakeholders,stakeholderint,Other details,NA
design,stakeholder_type,stakeholdertype,What type of stakeholders were engaged?,NA
design,stakeholder_method,stakeholdermethod,How were stakeholders engaged?,
design,monitoringeval,checkmonitoringeval,Has a monitoring and evaluation plan be developed?,No
design,monitoringeval,checkmonitoringeval_detail,Other details,
specification,planningunits,pu_type,How are planning units defined?,Gridded
specification,planningunits,othertypes,Other details,
specification,grainspace,pu_grain,What was the spatial grain of planning?,NA
specification,grainspace,pu_grainother,Other details,
specification,grainspace_unit,pu_grainunit,Select or enter unit used for the spatial grain.,
specification,pucosts,pu_checkcosts,Where there any costs of selecting a planning unit? Select one or multiple.,NA
specification,pucosts,pu_costs,Other details,
specification,ecosystem_specificity,zone_ecosystems,Was there any ecosystem specificity?,NA
specification,ecosystem_specificity,specificecosystem,Other details,
specification,zonedefinitions,zones,Where any zones used for the planning?,NA
specification,zonedefinitions,specificzones,Other details,NA
specification,inclusionexclusion,inclusionexclusion,Any areas or actions that were included or excluded by default?,Areas or Action excluded
specification,inclusionexclusion,defaultareas,Other details,"Areas unsuitable for photovoltaic development, such as protected areas or areas where the installation of photovoltaic plants was technically unfeasible, areas with high agricultural productivity potential and urban-industrial areas, were excluded (locked out) only for photovoltaic development."
specification,threattypes,threattypes,What types of threats are included in the planning?,Agriculture & Aquaculture;Energy production & Mining
specification,threattypes,otherthreattype,Other details,
specification,threatinclusion,threatinclusion,How were threats considered in the planning?,Cost layer
specification,threatinclusion,threatdetail,Other details,Opportunity cost associated with different types of agriculture and the suitability of land for photovoltaic development were used as a cost to the selection of planning units for biodiversity conservation.
specification,featuretypes,featuretypes,What types of features are included in the spatial planning?,Species (distributions);Connectivity;Ecosystems or Habitats;Political (e.g. protected area)
specification,featuretypes,otherfeaturetype,Other details,
specification,featuresaggregated,checkaggregated,Were any features aggregated before use in the planning?,FALSE
specification,featuresaggregated,featureaggregated,Other details,
specification,featurelist,featurelist,List the features,Habitat suitability;Species (distributions);155
specification,featurelist,featurelist,List the features,Habitats;Other; 88
specification,featurelist,featurelist,List the features,Plants;Species (distributions);288
specification,featurelist,featurelist,List the features,Agriculture;Land or water cover and use;  2
specification,featurelist,featurelist,List the features,Photovoltaic;Land or water cover and use;  1
specification,featureorigin,featureorigin,How were features created?,"The distribution of bird species was obtained through species distribution models; the distribution of plants and endangered habitats was derived from field data and the available literature; the distribution of different types of agriculture were sourced from the government of Catalonia (source cited in the text of the study); the distribution of suitable areas for photovoltaic development were derived from a GIS analysis where multiple layers commonly referred to as constraining factors (e.g., protected areas, slope of terrain, hours of sunlight) were transformed into suitable/ unsuitable and later overlapped. In this later case, only areas that fulfilled all the suitability criteria were included as potential areas for photovoltaic development."
context,decisionvariable,decisiontype,What are the decision or output variables?,
context,timeconditions,timedecision,Which temporal conditions does the planning consider?,Current conditions
context,connectivity,checkconnectivity,Was connectivity somehow considered in the planning?,No
context,connectivity,connectivityplan,Other details,NA
context,connectivitydetail,otherconnectivity,Additional detail to how connectivity was considered?,
context,constraintdetail,otherconstraints,Any other constraints used in the planning?,Protected areas were not made available for photovoltaic development.
context,featuretargets,contexttargets,Were targets used for features?,Other
context,featuretargets,targetdetail,Other details,"Different targets were set for each group of features and scenarios. For example, the targets for photovoltaic production were spatially distributed to accommodate different planning alternatives (distribute production equally across different counties, or assign more production to those counties tath demand more energy or have more suitable area for photovoltaic production)."
context,featureweights,checkfeatureweights,Where some features weighted differently than others?,No
context,featureweights,featureweightsdetails,Other details,
prioritization,software,software,Which software or algorithmic approach was used to conduct the planning exercise?,Marxan
prioritization,software,othersoftware,Other details,
prioritization,versionnr,versionnr,What is the version number of the algorithm approach or other software?,Marxan with Zones v 2.01 
prioritization,benefits,outcomefunctions,What is being identified and how?,Simulated annealing (heuristic)
prioritization,software_parameters,parameters,Are there key parameters related to the solving of the planning problem?,We used the zonebounary file available in Marxan with Zones; boundary length modifier = 1; species penalty factor =100; number of runs= 100; number of iterations= 10^7; adaptive cooling schedule
prioritization,solution_identification,identsolution,How were the final priorities identified?,Single solution
prioritization,solution_identification,otheridentification,Other details,The best solution out of 100 runs
prioritization,performance,checkperformance,Was the performance of the study in any way evaluated?,Yes
prioritization,performance,evalidentification,Other details,Agricultural land compromised by photovoltaic development;Proportion of agricultural areas that would be transformed into photovoltaic plants;unitless
prioritization,performance,evalidentification,Other details,"Conservation impact of photovoltaic development;Proportion of the distribution of birds, plants and habitats that could be compromised by the installation of photovoltaic plants;unitless"
prioritization,performance,evalidentification,Other details,Fulfilment of photovoltaic target;Proportion of the overall photovoltaic production target set by the regional government that could be achieved;unitless
prioritization,otherperformance,otherperformance,Was the prioritization somehow differently evaluated?,
