group,element,render_id,question,value
overview,title,studyname,What is the title of the conducted study?,An accessible optimisation method for barrier removal planning in stream networks
overview,authors,authors_table,List the authors of the study.,Virgilio;Hermoso;https://orcid.org/0000-0003-3205-5033
overview,authors,authors_table,List the authors of the study.,Miguel;Clavero;https://orcid.org/0000-0003-3205-5033
overview,authors,authors_table,List the authors of the study.,Filipa;Filipe;https://orcid.org/0000-0001-7862-2676
overview,corresponding,authoremail,Email of corresponding author.,virgilio.hermoso@ebd.csic.es
overview,studylink,studylink,Link to the published study.,https://doi.org/10.1016/j.scitotenv.2020.141943
overview,extent,studyscale,What is the target extent of the planning study?,national
overview,studyregion,studyregion,"If available, provide a geospatial delineation of the study region.",NA
overview,studyregion,studymap,Other details,NA
overview,location,studylocation,What is the location of the study?,"Tagus River catchment, including Spain and Portugal"
overview,studytimeline,studytime,What is the temporal range of the study?,2000;2020
overview,studytimeline,otherstudytime,Other details,
overview,realm,studyrealm,What is the biophysical realm in which the planning work was conducted?,Freshwater
overview,output_availability,inputavailability,Are the used input data made available and if so where?,No
overview,output_availability,inputdata,Other details,
overview,input_availability,outputavailability,Are the created outputs made openly available and if so where?,No
overview,input_availability,outputdata,Other details,
overview,code_availability,codeavailability,Have analytical scripts or steps to reproduce the results been made available?,No
overview,code_availability,outputcode,Other details,
design,aim,studyaim,What is the aim of the study?,
design,framework,studyframework,Does the planning work follow a specific analytical framework?,Defined within study
design,framework,frameworkreference,Other details,
design,toc,theoryofchange,Is there a theory of change underlying this work?,No
design,toc,theoryofchange_text,Other details,
design,purpose,studypurpose,What is the primary purpose of the study?,NA
design,multobj,checkmultobj,Had the planning multiple objectives?,No
design,multobj,multobj,Other details,
design,scenarios,checkscenarios,Are there multiple variants or scenarios explored in the planning?,No
design,scenarios,planningscenarios,Other details,
design,stakeholders,checkstakeholders,Were stakeholders involved in the design of the study?,No
design,stakeholders,stakeholderint,Other details,NA
design,stakeholder_type,stakeholdertype,What type of stakeholders were engaged?,NA
design,stakeholder_method,stakeholdermethod,How were stakeholders engaged?,
design,monitoringeval,checkmonitoringeval,Has a monitoring and evaluation plan be developed?,No
design,monitoringeval,checkmonitoringeval_detail,Other details,
specification,planningunits,pu_type,How are planning units defined?,Gridded
specification,planningunits,othertypes,Other details,
specification,grainspace,pu_grain,What was the spatial grain of planning?,NA
specification,grainspace,pu_grainother,Other details,
specification,grainspace_unit,pu_grainunit,Select or enter unit used for the spatial grain.,
specification,pucosts,pu_checkcosts,Where there any costs of selecting a planning unit? Select one or multiple.,NA
specification,pucosts,pu_costs,Other details,
specification,ecosystem_specificity,zone_ecosystems,Was there any ecosystem specificity?,NA
specification,ecosystem_specificity,specificecosystem,Other details,
specification,zonedefinitions,zones,Where any zones used for the planning?,NA
specification,zonedefinitions,specificzones,Other details,NA
specification,inclusionexclusion,inclusionexclusion,Any areas or actions that were included or excluded by default?,Areas or Action excluded
specification,inclusionexclusion,defaultareas,Other details,"Large hydropower dams were excluded from some of the scenarios, as these were not a feasible option for river connectivity restoration due to high opportunity and restoration costs."
specification,threattypes,threattypes,What types of threats are included in the planning?,None
specification,threattypes,otherthreattype,Other details,
specification,threatinclusion,threatinclusion,How were threats considered in the planning?,NA
specification,threatinclusion,threatdetail,Other details,
specification,featuretypes,featuretypes,What types of features are included in the spatial planning?,Species (distributions)
specification,featuretypes,otherfeaturetype,Other details,
specification,featuresaggregated,checkaggregated,Were any features aggregated before use in the planning?,FALSE
specification,featuresaggregated,featureaggregated,Other details,
specification,featurelist,featurelist,List the features,Fish species;Species (distributions);29
specification,featureorigin,featureorigin,How were features created?,"The distribution of fish species was sourced from the two National Atlasses, publicly available at a 10 km resolution."
context,decisionvariable,decisiontype,What are the decision or output variables?,
context,timeconditions,timedecision,Which temporal conditions does the planning consider?,Current conditions
context,connectivity,checkconnectivity,Was connectivity somehow considered in the planning?,No
context,connectivity,connectivityplan,Other details,NA
context,connectivitydetail,otherconnectivity,Additional detail to how connectivity was considered?,
context,constraintdetail,otherconstraints,Any other constraints used in the planning?,"Under some scenarios, large hydropower dams were not available for selection, under the premise that the opportunity and removal costs would be unaffordable."
context,featuretargets,contexttargets,Were targets used for features?,Other
context,featuretargets,targetdetail,Other details,"Targets were set according to the movement, and therefore connectivity, need of each species. Highly mobile species, such as long-term migratory species, had higher targets than species that do not move much."
context,featureweights,checkfeatureweights,Where some features weighted differently than others?,No
context,featureweights,featureweightsdetails,Other details,
prioritization,software,software,Which software or algorithmic approach was used to conduct the planning exercise?,Marxan
prioritization,software,othersoftware,Other details,
prioritization,versionnr,versionnr,What is the version number of the algorithm approach or other software?,Marxan v 2.43 
prioritization,benefits,outcomefunctions,What is being identified and how?,Simulated annealing (heuristic)
prioritization,software_parameters,parameters,Are there key parameters related to the solving of the planning problem?,Boundary length modifier= 0.35; species penalty factor= 100 (for all of them); number of runs= 100; number of iterations= 10^7
prioritization,solution_identification,identsolution,How were the final priorities identified?,Single solution
prioritization,solution_identification,otheridentification,Other details,Best solution after 100 runs
prioritization,performance,checkperformance,Was the performance of the study in any way evaluated?,Yes
prioritization,performance,evalidentification,Other details,Connectivity achieved;Proportion of the distribution of each species that was connected without barriers in between;Unitless
prioritization,performance,evalidentification,Other details,EDIT ME;EDIT ME;EDIT ME
prioritization,otherperformance,otherperformance,Was the prioritization somehow differently evaluated?,
