group,element,render_id,question,value
overview,title,studyname,What is the title of the conducted study?,Ecoregion-Based Conservation Planning in the Mediterranean: Dealing with Large-Scale Heterogeneity
overview,authors,authors_table,List the authors of the study.,Sylvaine ;Giakoumi;https://orcid.org/0000-0002-3301-5538
overview,authors,authors_table,List the authors of the study.,and 18 co-authors/data contributors;EDIT ME;
overview,corresponding,authoremail,Email of corresponding author.,Sylvaine Giakoumi sylvaine.giakoumi1@gmail.com
overview,studylink,studylink,Link to the published study.,https://doi.org/10.1371/journal.pone.0076449
overview,extent,studyscale,What is the target extent of the planning study?,regional
overview,studyregion,studyregion,"If available, provide a geospatial delineation of the study region.",NA
overview,studyregion,studymap,Other details,NA
overview,location,studylocation,What is the location of the study?,Mediterranean See excluding areas deeper than 1000m. 
overview,studytimeline,studytime,What is the temporal range of the study?,2013;2020
overview,studytimeline,otherstudytime,Other details,
overview,realm,studyrealm,What is the biophysical realm in which the planning work was conducted?,Marine (Seabed);Coastal
overview,output_availability,inputavailability,Are the used input data made available and if so where?,Yes
overview,output_availability,inputdata,Other details,https://journals.plos.org/plosone/article?id=10.1371/journal.pone.0076449
overview,input_availability,outputavailability,Are the created outputs made openly available and if so where?,Yes
overview,input_availability,outputdata,Other details,https://journals.plos.org/plosone/article?id=10.1371/journal.pone.0076449
overview,code_availability,codeavailability,Have analytical scripts or steps to reproduce the results been made available?,No
overview,code_availability,outputcode,Other details,
design,aim,studyaim,What is the aim of the study?,"identifying priority areas for the
conservation of the seagrass P. oceanica, coralligenous formations, and marine caves across the entire Mediterranean Sea (excluding areas deeper than 1000 m), considering concurrent ecoregional representation of habitats and opportunity cost."
design,framework,studyframework,Does the planning work follow a specific analytical framework?,Defined within study
design,framework,frameworkreference,Other details,
design,toc,theoryofchange,Is there a theory of change underlying this work?,No
design,toc,theoryofchange_text,Other details,
design,purpose,studypurpose,What is the primary purpose of the study?,Area-based allocation
design,multobj,checkmultobj,Had the planning multiple objectives?,No
design,multobj,multobj,Other details,
design,scenarios,checkscenarios,Are there multiple variants or scenarios explored in the planning?,Yes
design,scenarios,planningscenarios,Other details,Two scenarios were examined: planning a) at whole basin scale and b) at ecoregional scale.
design,stakeholders,checkstakeholders,Were stakeholders involved in the design of the study?,No
design,stakeholders,stakeholderint,Other details,NA
design,stakeholder_type,stakeholdertype,What type of stakeholders were engaged?,NA
design,stakeholder_method,stakeholdermethod,How were stakeholders engaged?,
design,monitoringeval,checkmonitoringeval,Has a monitoring and evaluation plan be developed?,No
design,monitoringeval,checkmonitoringeval_detail,Other details,
specification,planningunits,pu_type,How are planning units defined?,Gridded
specification,planningunits,othertypes,Other details,
specification,grainspace,pu_grain,What was the spatial grain of planning?,100
specification,grainspace,pu_grainother,Other details,
specification,grainspace_unit,pu_grainunit,Select or enter unit used for the spatial grain.,km2
specification,pucosts,pu_checkcosts,Where there any costs of selecting a planning unit? Select one or multiple.,Opportunity cost
specification,pucosts,pu_costs,Other details,"The cost represents the spatial distribution of the combined opportunity cost for three marine sectors: commercial
(small and large-scale) fishing, non-commercial fishing (recreational
and subsistence), and aquaculture. The opportunity cost in this study, is the lost revenue that would occur by the restriction of activities from these marine sectors when an area is designated as MPA."
specification,ecosystem_specificity,zone_ecosystems,Was there any ecosystem specificity?,NA
specification,ecosystem_specificity,specificecosystem,Other details,
specification,zonedefinitions,zones,Where any zones used for the planning?,NA
specification,zonedefinitions,specificzones,Other details,NA
specification,inclusionexclusion,inclusionexclusion,Any areas or actions that were included or excluded by default?,NA
specification,inclusionexclusion,defaultareas,Other details,
specification,threattypes,threattypes,What types of threats are included in the planning?,"Agriculture & Aquaculture;Biological Resource Use (fishing, harvesting, logging)"
specification,threattypes,otherthreattype,Other details,
specification,threatinclusion,threatinclusion,How were threats considered in the planning?,Cost layer
specification,threatinclusion,threatdetail,Other details,
specification,featuretypes,featuretypes,What types of features are included in the spatial planning?,Ecosystems or Habitats
specification,featuretypes,otherfeaturetype,Other details,
specification,featuresaggregated,checkaggregated,Were any features aggregated before use in the planning?,FALSE
specification,featuresaggregated,featureaggregated,Other details,
specification,featurelist,featurelist,List the features,Posidonia oceanica;Ecosystems or Habitats;1
specification,featurelist,featurelist,List the features,Coralligenous;Ecosystems or Habitats;1
specification,featurelist,featurelist,List the features,Marine caves;Ecosystems or Habitats;1
specification,featureorigin,featureorigin,How were features created?,"To map the spatial distribution of habitats we used the following
data sources: scientific and grey literature (including journal
articles, monographs, presentations and posters in conferences and
workshops, reports), on-line databases and national catalogues
(provided by national or international, governmental, intergovernmental-
EU agencies and non-governmental organizations-
NGOs), unpublished data provided by scientific officers and
researchers affiliated with universities, research institutes, NGOs
and governmental agencies, situated in several Mediterranean
countries (including the authors), published (in the form of booklets
and diving guides) and unpublished information provided by
diving and caving clubs, divers and cavers through scientific and naturalist fora on the web, and direct personal communications."
context,decisionvariable,decisiontype,What are the decision or output variables?,Binary allocation
context,timeconditions,timedecision,Which temporal conditions does the planning consider?,Current conditions
context,connectivity,checkconnectivity,Was connectivity somehow considered in the planning?,Yes
context,connectivity,connectivityplan,Other details,Boundary penalty
context,connectivitydetail,otherconnectivity,Additional detail to how connectivity was considered?,
context,constraintdetail,otherconstraints,Any other constraints used in the planning?,
context,featuretargets,contexttargets,Were targets used for features?,Other
context,featuretargets,targetdetail,Other details,EU policy recommendations
context,featureweights,checkfeatureweights,Where some features weighted differently than others?,Yes
context,featureweights,featureweightsdetails,Other details,"These targets were based on the EU additional guidelines for assessing sufficiency of Natura 2000 proposals (SCIs) for marine habitats and species. In the guidelines of the
European Topic Centre on Biological Diversity it is stated:
‘‘Where quantitative data on habitat areas are available, it would
be possible to apply the arbitrary sufficiency levels 20–60% for
non-priority habitats and .60% for priority habitats (e.g., Posidonia
beds)’’."
prioritization,software,software,Which software or algorithmic approach was used to conduct the planning exercise?,Marxan
prioritization,software,othersoftware,Other details,
prioritization,versionnr,versionnr,What is the version number of the algorithm approach or other software?,Version available in 2012.
prioritization,benefits,outcomefunctions,What is being identified and how?,minimum set problem
prioritization,software_parameters,parameters,Are there key parameters related to the solving of the planning problem?,
prioritization,solution_identification,identsolution,How were the final priorities identified?,Selection frequency
prioritization,solution_identification,otheridentification,Other details,Priority areas were the planning units with selection frequency >50%
prioritization,performance,checkperformance,Was the performance of the study in any way evaluated?,Yes
prioritization,performance,evalidentification,Other details,"Overlap with designated MPAs ;we calculated the percentage of planning units for each ecoregion that: a) did not contain an MPA but was identified as priority area, b) contained an MPA and was identified as priority area, c) did not contain an MPA and was not identified as a priority area, and d) contained an MPA but was not identified as priority area.;EDIT ME"
prioritization,otherperformance,otherperformance,Was the prioritization somehow differently evaluated?,
