group,element,render_id,question,value
overview,title,studyname,What is the title of the conducted study?,"Designing a network of marine reserves in the Mediterranean Sea with limited
socio-economic data"
overview,authors,authors_table,List the authors of the study.,Sylvaine;Giakoumi;0000-0002-3301-5538
overview,authors,authors_table,List the authors of the study.,Hedley;Grantham;
overview,authors,authors_table,List the authors of the study.,Giorgos;Kokkoris;
overview,authors,authors_table,List the authors of the study.,Hugh ;Possingham;
overview,corresponding,authoremail,Email of corresponding author.,sylvaine.giakoumi1@gmail.com
overview,studylink,studylink,Link to the published study.,https://doi.org/10.1016/j.biocon.2010.11.006
overview,extent,studyscale,What is the target extent of the planning study?,local
overview,studyregion,studyregion,"If available, provide a geospatial delineation of the study region.",NA
overview,studyregion,studymap,Other details,NA
overview,location,studylocation,What is the location of the study?,"Study area encompassed the coastal waters (up to 1 km from shore) of 26 islands in the Cyclades Archipelago, Central Aegean Sea, Mediterranean Sea"
overview,studytimeline,studytime,What is the temporal range of the study?,2007;2011
overview,studytimeline,otherstudytime,Other details,
overview,realm,studyrealm,What is the biophysical realm in which the planning work was conducted?,Marine (Pelagic);Marine (Seabed);Coastal
overview,output_availability,inputavailability,Are the used input data made available and if so where?,No
overview,output_availability,inputdata,Other details,
overview,input_availability,outputavailability,Are the created outputs made openly available and if so where?,No
overview,input_availability,outputdata,Other details,
overview,code_availability,codeavailability,Have analytical scripts or steps to reproduce the results been made available?,No
overview,code_availability,outputcode,Other details,
design,aim,studyaim,What is the aim of the study?,"The representation of species and habitats, including critical habitats for endangered and vulnerable species in a network of marine reserves. We also aimed to select priority areas that minimize conflict with fishers and benefit tourism."
design,framework,studyframework,Does the planning work follow a specific analytical framework?,Defined within study
design,framework,frameworkreference,Other details,
design,toc,theoryofchange,Is there a theory of change underlying this work?,Yes
design,toc,theoryofchange_text,Other details,
design,purpose,studypurpose,What is the primary purpose of the study?,Area-based allocation
design,multobj,checkmultobj,Had the planning multiple objectives?,No
design,multobj,multobj,Other details,
design,scenarios,checkscenarios,Are there multiple variants or scenarios explored in the planning?,Yes
design,scenarios,planningscenarios,Other details,"In one scenario, all Natura 2000 sites where included. "
design,stakeholders,checkstakeholders,Were stakeholders involved in the design of the study?,Yes
design,stakeholders,stakeholderint,Other details,Involved
design,stakeholder_type,stakeholdertype,What type of stakeholders were engaged?,resource users; policy makers
design,stakeholder_method,stakeholdermethod,How were stakeholders engaged?,Interviews with fishers; meetings with policy makers; presentation of the method and results to all stakeholders at the end of the project.
design,monitoringeval,checkmonitoringeval,Has a monitoring and evaluation plan be developed?,No
design,monitoringeval,checkmonitoringeval_detail,Other details,
specification,planningunits,pu_type,How are planning units defined?,Other
specification,planningunits,othertypes,Other details,"We created 224 planning units of various sizes (ranging from 2 to 10 km2, average of 4 km2) and shapes due to
the geomorphology of the archipelago (various distances between islands)."
specification,grainspace,pu_grain,What was the spatial grain of planning?,NA
specification,grainspace,pu_grainother,Other details,"We created 224 planning units of various sizes
(ranging from 2 to 10 km2, average of 4 km2) and shapes due to
the geomorphology of the archipelago (various distances between
islands)."
specification,grainspace_unit,pu_grainunit,Select or enter unit used for the spatial grain.,
specification,pucosts,pu_checkcosts,Where there any costs of selecting a planning unit? Select one or multiple.,Opportunity cost
specification,pucosts,pu_costs,Other details,"Cost metrics: (A) Distance from port was calculated using software ArcGIS and then used as a surrogate for fishing pressure. (B) Wind exposure of each planning unit as a proxy for fishing intensity (exposed pus have less fishing intensity. (C) Tourism intensity, based on bed availability of each island, for the planning units is illustrated. To calculate the cost of each planning unit we combined the cost metrics from fishing and tourism into a single cost, C, for each planning unit, i."
specification,ecosystem_specificity,zone_ecosystems,Was there any ecosystem specificity?,NA
specification,ecosystem_specificity,specificecosystem,Other details,
specification,zonedefinitions,zones,Where any zones used for the planning?,NA
specification,zonedefinitions,specificzones,Other details,NA
specification,inclusionexclusion,inclusionexclusion,Any areas or actions that were included or excluded by default?,None;Areas or Action included
specification,inclusionexclusion,defaultareas,Other details,"In one scenario, all Natura 2000 sites where included. "
specification,threattypes,threattypes,What types of threats are included in the planning?,"Biological Resource Use (fishing, harvesting, logging)"
specification,threattypes,otherthreattype,Other details,
specification,threatinclusion,threatinclusion,How were threats considered in the planning?,Cost layer
specification,threatinclusion,threatdetail,Other details,
specification,featuretypes,featuretypes,What types of features are included in the spatial planning?,Species (distributions);Species (abundance);Ecosystems or Habitats
specification,featuretypes,otherfeaturetype,Other details,
specification,featuresaggregated,checkaggregated,Were any features aggregated before use in the planning?,FALSE
specification,featuresaggregated,featureaggregated,Other details,
specification,featurelist,featurelist,List the features,Fish;Species (abundance);55
specification,featurelist,featurelist,List the features,Monk seal;Other; 1
specification,featurelist,featurelist,List the features,Seagrass;Ecosystems or Habitats; 2
specification,featurelist,featurelist,List the features,Cystoseira spp. canopy algae;Ecosystems or Habitats; 1
specification,featurelist,featurelist,List the features,Physical habitat type;Ecosystems or Habitats; 5
specification,featureorigin,featureorigin,How were features created?,"Field data for all features except for the Monk seal. The Hellenic Society for the Study and the Protection of the
Monk Seal provided us with distribution maps of the breeding
caves of M. monachus for our study region."
context,decisionvariable,decisiontype,What are the decision or output variables?,
context,timeconditions,timedecision,Which temporal conditions does the planning consider?,Current conditions
context,connectivity,checkconnectivity,Was connectivity somehow considered in the planning?,No
context,connectivity,connectivityplan,Other details,NA
context,connectivitydetail,otherconnectivity,Additional detail to how connectivity was considered?,
context,constraintdetail,otherconstraints,Any other constraints used in the planning?,
context,featuretargets,contexttargets,Were targets used for features?,NA
context,featuretargets,targetdetail,Other details,
context,featureweights,checkfeatureweights,Where some features weighted differently than others?,Yes
context,featureweights,featureweightsdetails,Other details,"we divided the features into two categories. The first category, ‘‘high priority’’ comprises features considered as critical habitats: the seagrasses Posidonia oceanica and Cymodocea nodosa and forests of the macroalgae Cystoseira. These critical habitats are important nursery grounds for many fish and invertebrate species. We also included breeding caves of the Mediterranean monk seal (Monachus monachus) in this category. The second category, ‘‘low priority’’, included
the abundance of the fish species and types of physical habitat."
prioritization,software,software,Which software or algorithmic approach was used to conduct the planning exercise?,Marxan
prioritization,software,othersoftware,Other details,
prioritization,versionnr,versionnr,What is the version number of the algorithm approach or other software?,The version that was available in 2009.
prioritization,benefits,outcomefunctions,What is being identified and how?,Minimum set problem (Marxan)
prioritization,software_parameters,parameters,Are there key parameters related to the solving of the planning problem?,
prioritization,solution_identification,identsolution,How were the final priorities identified?,Selection frequency
prioritization,solution_identification,otheridentification,Other details,"Both Marxan best solutions and selection frequency was used. In the end we identified priority areas: Priority areas across all scenarios divided into low, moderate and high. High selection frequency (>80%) , moderate (20–80%) and low
(<20%). We also highlighted areas that are high priority areas and that were indicated for protection by experts and fishers. "
prioritization,performance,checkperformance,Was the performance of the study in any way evaluated?,Yes
prioritization,performance,evalidentification,Other details,Overlap with Natura 2000 sites;The overlap of priority areas with Natura 2000 sites was examined.;No of PUs 
prioritization,performance,evalidentification,Other details,Overlap with fishers'selection;Fishers were asked to select areas important for protection. The overlap between these areas and priority areas was assessed.;No of PUs
prioritization,otherperformance,otherperformance,Was the prioritization somehow differently evaluated?,No
