group,element,render_id,question,value
overview,title,studyname,What is the title of the conducted study?,Identifying coastal and marine priority areas for conservation in the United Arab Emirates
overview,authors,authors_table,List the authors of the study.,Emna;Ben Lamine;
overview,authors,authors_table,List the authors of the study.,Daniel;Mateos Molina ;
overview,authors,authors_table,List the authors of the study.,and 6 co-authors;EDIT ME;
overview,corresponding,authoremail,Email of corresponding author.,dmateos@enwwf.ae
overview,studylink,studylink,Link to the published study.,https://doi.org/10.1007/s10531-020-02007-4
overview,extent,studyscale,What is the target extent of the planning study?,national
overview,studyregion,studyregion,"If available, provide a geospatial delineation of the study region.",NA
overview,studyregion,studymap,Other details,NA
overview,location,studylocation,What is the location of the study?,the Arabian Gulf waters and adjacent coastal zone extending 5 km inland to include intertidal habitats
overview,studytimeline,studytime,What is the temporal range of the study?,2000;2020
overview,studytimeline,otherstudytime,Other details,
overview,realm,studyrealm,What is the biophysical realm in which the planning work was conducted?,Marine (Pelagic);Marine (Seabed);Coastal
overview,output_availability,inputavailability,Are the used input data made available and if so where?,No
overview,output_availability,inputdata,Other details,
overview,input_availability,outputavailability,Are the created outputs made openly available and if so where?,Yes
overview,input_availability,outputdata,Other details,Some of the resutls are available in the paper and can be made available upon request https://doi.org/10.1007/s10531-020-02007-4
overview,code_availability,codeavailability,Have analytical scripts or steps to reproduce the results been made available?,No
overview,code_availability,outputcode,Other details,
design,aim,studyaim,What is the aim of the study?,Th aim is to support biodiversity conservation decision-making in the UAE by highlighting areas of high conservation value that should be integrated into a well-connected and ecologically representative network of protected and managed areas to achieve effectively national and global conservation targets.
design,framework,studyframework,Does the planning work follow a specific analytical framework?,Defined within study
design,framework,frameworkreference,Other details,
design,toc,theoryofchange,Is there a theory of change underlying this work?,Yes
design,toc,theoryofchange_text,Other details,A strategy for implementation was made by the NGO who lead this effort Emirates Nature - WWF
design,purpose,studypurpose,What is the primary purpose of the study?,Area-based allocation
design,multobj,checkmultobj,Had the planning multiple objectives?,No
design,multobj,multobj,Other details,
design,scenarios,checkscenarios,Are there multiple variants or scenarios explored in the planning?,Yes
design,scenarios,planningscenarios,Other details,"eight different planning scenarios were produced based on:
(1) The way cost was estimated,
(2) Different sets of conservation targets (high and low), and
(3) The forced selection of PUs included in MPAs (or not),"
design,stakeholders,checkstakeholders,Were stakeholders involved in the design of the study?,Yes
design,stakeholders,stakeholderint,Other details,Involved
design,stakeholder_type,stakeholdertype,What type of stakeholders were engaged?,Policy makers (National);Domain experts (Individuals);NGO (National);Scientists
design,stakeholder_method,stakeholdermethod,How were stakeholders engaged?,"Several meetings were conducted including expert elicitation workshops for data collection, conservation target setting, discussion of prioritization results. A capacity-building course on SCP and Marxan  was conducted tailored to the needs of scientists and practitioners.  "
design,monitoringeval,checkmonitoringeval,Has a monitoring and evaluation plan be developed?,Yes
design,monitoringeval,checkmonitoringeval_detail,Other details,Partly. The results of this prioritization led to the designation of a new MPA for which a monitoring program was developed. 
specification,planningunits,pu_type,How are planning units defined?,Regular Polygon (e.g. hexagon)
specification,planningunits,othertypes,Other details,
specification,grainspace,pu_grain,What was the spatial grain of planning?,NA
specification,grainspace,pu_grainother,Other details,4 km2 
specification,grainspace_unit,pu_grainunit,Select or enter unit used for the spatial grain.,
specification,pucosts,pu_checkcosts,Where there any costs of selecting a planning unit? Select one or multiple.,Area only;Socioeconomic proxy
specification,pucosts,pu_costs,Other details,"we applied different ways of estimating cost. In the first group of planning scenarios  the cost was equal to the area included in the planning solution. In the second, a dredging cost was calculated as the sum of the area cost plus a Dredging Penalty "
specification,ecosystem_specificity,zone_ecosystems,Was there any ecosystem specificity?,NA
specification,ecosystem_specificity,specificecosystem,Other details,
specification,zonedefinitions,zones,Where any zones used for the planning?,NA
specification,zonedefinitions,specificzones,Other details,NA
specification,inclusionexclusion,inclusionexclusion,Any areas or actions that were included or excluded by default?,None;Areas or Action included
specification,inclusionexclusion,defaultareas,Other details,Existing MPAs
specification,threattypes,threattypes,What types of threats are included in the planning?,"Natural system modification (Fire, Dams)"
specification,threattypes,otherthreattype,Other details,Dredging
specification,threatinclusion,threatinclusion,How were threats considered in the planning?,Cost layer
specification,threatinclusion,threatdetail,Other details,
specification,featuretypes,featuretypes,What types of features are included in the spatial planning?,Species (distributions);Ecosystems or Habitats
specification,featuretypes,otherfeaturetype,Other details,
specification,featuresaggregated,checkaggregated,Were any features aggregated before use in the planning?,FALSE
specification,featuresaggregated,featureaggregated,Other details,
specification,featurelist,featurelist,List the features,"Reptile, mammals and marine bird species;Species (distributions);9"
specification,featurelist,featurelist,List the features,subtidal habitats;Habitats;9
specification,featurelist,featurelist,List the features,Intertidal habitats;Habitats;9
specification,featureorigin,featureorigin,How were features created?,"To compile, complement, validate and synthesize the information regarding the spatial distribution of the ecological features we: (1) compiled all the scientific literature, including peer-reviewed articles and books, and unpublished and published reports; (2) requested the original datasets we found in literature from the corresponding authors to produce illustrative maps of the ecological features; (3) digitalized and organized all information into a unified geographic database using QGIS software and separate feature classes (points or polygons) were created for each ecological feature; and (4) used LEK to update, complement, fill existing data gaps and validate the information. To elicit LEK, two workshops with local experts were organized."
context,decisionvariable,decisiontype,What are the decision or output variables?,Binary allocation
context,timeconditions,timedecision,Which temporal conditions does the planning consider?,Current conditions
context,connectivity,checkconnectivity,Was connectivity somehow considered in the planning?,Yes
context,connectivity,connectivityplan,Other details,Boundary penalty
context,connectivitydetail,otherconnectivity,Additional detail to how connectivity was considered?,
context,constraintdetail,otherconstraints,Any other constraints used in the planning?,
context,featuretargets,contexttargets,Were targets used for features?,Other
context,featuretargets,targetdetail,Other details,"An expert knowledge elicitation process was followed to set conservation targets for the features. Local experts included scientists and scientific officers from academia, environmental authorities, and non-governmental organizations working on coastal and marine biodiversity. Experts were selected based on their knowledge in the conservation features, and their expertise in current national and international policy agreements of the UAE."
context,featureweights,checkfeatureweights,Where some features weighted differently than others?,Yes
context,featureweights,featureweightsdetails,Other details,Based on expert knowledge and IUCN conservation status. 
prioritization,software,software,Which software or algorithmic approach was used to conduct the planning exercise?,Marxan
prioritization,software,othersoftware,Other details,
prioritization,versionnr,versionnr,What is the version number of the algorithm approach or other software?,version available in 2018.
prioritization,benefits,outcomefunctions,What is being identified and how?,minimum set problem
prioritization,software_parameters,parameters,Are there key parameters related to the solving of the planning problem?,
prioritization,solution_identification,identsolution,How were the final priorities identified?,Single solution
prioritization,solution_identification,otheridentification,Other details,Also selection frequencies 
prioritization,performance,checkperformance,Was the performance of the study in any way evaluated?,Yes
prioritization,performance,evalidentification,Other details,Overlap with existing MPAs;EDIT ME;EDIT ME
prioritization,otherperformance,otherperformance,Was the prioritization somehow differently evaluated?,
