group,element,render_id,question,value
overview,title,studyname,What is the title of the conducted study?,"Optimizing resiliency of reserve networks to climate change: multispecies conservation planning in the Pacific Northwest, USA"
overview,authors,authors_table,List the authors of the study.,Carlos;Carroll;
overview,authors,authors_table,List the authors of the study.,Jeffrey R.;Dunk;
overview,authors,authors_table,List the authors of the study.,Atte;Moilanen;
overview,corresponding,authoremail,Email of corresponding author.,"Correspondence: Carlos Carroll, e-mail: carlos@klamathconservation.org"
overview,studylink,studylink,Link to the published study.,https://doi.org/10.1111/j.1365-2486.2009.01965.x
overview,extent,studyscale,What is the target extent of the planning study?,national
overview,studyregion,studyregion,"If available, provide a geospatial delineation of the study region.",NA
overview,studyregion,studymap,Other details,NA
overview,location,studylocation,What is the location of the study?,"Pacific Northwest, USA"
overview,studytimeline,studytime,What is the temporal range of the study?,1984;2090
overview,studytimeline,otherstudytime,Other details,
overview,realm,studyrealm,What is the biophysical realm in which the planning work was conducted?,Terrestrial (above ground)
overview,output_availability,inputavailability,Are the used input data made available and if so where?,No
overview,output_availability,inputdata,Other details,
overview,input_availability,outputavailability,Are the created outputs made openly available and if so where?,No
overview,input_availability,outputdata,Other details,
overview,code_availability,codeavailability,Have analytical scripts or steps to reproduce the results been made available?,No
overview,code_availability,outputcode,Other details,
design,aim,studyaim,What is the aim of the study?,"Identification of reserve networks that optimize habitat representation for a large suite of species, considering also uncertainty among climate projections and proximity to future climates."
design,framework,studyframework,Does the planning work follow a specific analytical framework?,Defined within study
design,framework,frameworkreference,Other details,
design,toc,theoryofchange,Is there a theory of change underlying this work?,No
design,toc,theoryofchange_text,Other details,
design,purpose,studypurpose,What is the primary purpose of the study?,Area-based allocation
design,multobj,checkmultobj,Had the planning multiple objectives?,No
design,multobj,multobj,Other details,
design,scenarios,checkscenarios,Are there multiple variants or scenarios explored in the planning?,Yes
design,scenarios,planningscenarios,Other details,Five scenario groups were analyzed that sought to optimize the reserve network respectively for (1) current habitat; (2) near-future habitat; (3) interacting current and near-future habitat; (4) distant future habitat; and (5) interacting current and distant-future habitat.
design,stakeholders,checkstakeholders,Were stakeholders involved in the design of the study?,No
design,stakeholders,stakeholderint,Other details,NA
design,stakeholder_type,stakeholdertype,What type of stakeholders were engaged?,NA
design,stakeholder_method,stakeholdermethod,How were stakeholders engaged?,
design,monitoringeval,checkmonitoringeval,Has a monitoring and evaluation plan be developed?,No
design,monitoringeval,checkmonitoringeval_detail,Other details,
specification,planningunits,pu_type,How are planning units defined?,Gridded
specification,planningunits,othertypes,Other details,
specification,grainspace,pu_grain,What was the spatial grain of planning?,1
specification,grainspace,pu_grainother,Other details,"Remote sensing derived data were aggregated to 1ha, while climate data (from General circulation models) were downscaled and resampled from 10x14km to 1ha.
For the use in Zonation all modelled data was aggregated to 1km."
specification,grainspace_unit,pu_grainunit,Select or enter unit used for the spatial grain.,km2
specification,pucosts,pu_checkcosts,Where there any costs of selecting a planning unit? Select one or multiple.,Area only
specification,pucosts,pu_costs,Other details,
specification,ecosystem_specificity,zone_ecosystems,Was there any ecosystem specificity?,NA
specification,ecosystem_specificity,specificecosystem,Other details,Forest habitats only
specification,zonedefinitions,zones,Where any zones used for the planning?,NA
specification,zonedefinitions,specificzones,Other details,NA
specification,inclusionexclusion,inclusionexclusion,Any areas or actions that were included or excluded by default?,Areas or Action included
specification,inclusionexclusion,defaultareas,Other details,Current land designations were added as constraints in some scenarios.
specification,threattypes,threattypes,What types of threats are included in the planning?,NA
specification,threattypes,otherthreattype,Other details,
specification,threatinclusion,threatinclusion,How were threats considered in the planning?,NA
specification,threatinclusion,threatdetail,Other details,
specification,featuretypes,featuretypes,What types of features are included in the spatial planning?,Species (distributions);Ecosystems or Habitats
specification,featuretypes,otherfeaturetype,Other details,
specification,featuresaggregated,checkaggregated,Were any features aggregated before use in the planning?,FALSE
specification,featuresaggregated,featureaggregated,Other details,
specification,featurelist,featurelist,List the features,Spotted Owl;Species (distributions);  1
specification,featurelist,featurelist,List the features,Localized species;Species (distributions);130
specification,featureorigin,featureorigin,How were features created?,"We used MAXENT to evaluate and model relationships between the climate and vegetation variable for the 130 localized species and the Spotted Owl as key indicator features. SDMs were constructured using a remote-sensing derived forest (stand age) data and downscaled and resampled climate projection data.
Models were evaluated by their performance (AUC) and constructed for the current as well as future periods using the climate data.
We extrapolated the best current models using MAXENT to predict distribution given projected temperature and precipitation for the three future climate simulations during two future time periods (2011-2040, 2061–2090)."
context,decisionvariable,decisiontype,What are the decision or output variables?,Importance ranking
context,timeconditions,timedecision,Which temporal conditions does the planning consider?,Current conditions;Future conditions
context,connectivity,checkconnectivity,Was connectivity somehow considered in the planning?,Yes
context,connectivity,connectivityplan,Other details,Climate connectivity
context,connectivitydetail,otherconnectivity,Additional detail to how connectivity was considered?,
context,constraintdetail,otherconstraints,Any other constraints used in the planning?,Interaction constraints between current and future distributions as informed by dispersal kernels were used.
context,featuretargets,contexttargets,Were targets used for features?,None
context,featuretargets,targetdetail,Other details,
context,featureweights,checkfeatureweights,Where some features weighted differently than others?,No
context,featureweights,featureweightsdetails,Other details,
prioritization,software,software,Which software or algorithmic approach was used to conduct the planning exercise?,Zonation
prioritization,software,othersoftware,Other details,
prioritization,versionnr,versionnr,What is the version number of the algorithm approach or other software?,"Original Zonation version was used following Moilanen et al. (2005, 2007)"
prioritization,benefits,outcomefunctions,What is being identified and how?,"Zonation core-area analysis and additive benefit functions were used.
We primarily used the core-area analysis variant, which emphasizes solutions that include high-quality locations for all species, while accounting for priorities (weights) given to them. The core-area variant of ZONATION minimizes loss of conservation value based on local occurrence levels of species.
The additive benefit function bases selection on a cell’s weighted summed occurrence value over all species, thus changing the balance of selection to favor species-rich areas over areas with a high occurrence value for one or a few species."
prioritization,software_parameters,parameters,Are there key parameters related to the solving of the planning problem?,Zonations interaction component was used to related current and future distributions of the same species.
prioritization,solution_identification,identsolution,How were the final priorities identified?,Single solution
prioritization,solution_identification,otheridentification,Other details,
prioritization,performance,checkperformance,Was the performance of the study in any way evaluated?,Yes
prioritization,performance,evalidentification,Other details,Mean representation of feature in solution;We assessed the mean proportion of a particular solution required to capture 90% of the habitat value of a species contained within the entire extent of that solution.;%
prioritization,performance,evalidentification,Other details,Minimum representation of feature in solution;Minimum proportion of the species distribution with solution.;%
prioritization,otherperformance,otherperformance,Was the prioritization somehow differently evaluated?,Evaluation of the effectiveness of the owl as cross-correlation coefficient among priority rankings for owl-based and localized-species based solutions.
